names,G1CA,G1CB,G1CC,G1IA,G1IB,G1IC,G1P1A,G1P1B,G1P1C,G1P2A,G1P2B,G1P2C,G1SA,G1SC,G1STA,G1STC,G2CA,G2CB,G2CC,G2IA,G2IB,G2IC,G2P1A,G2P1B,G2P1C,G2P2A,G2P2B,G2P2C,G2SA,G2SC,G2STA,G2STB,G2STC
Oral,4.50E-07,2.33E-07,1.42E-07,9.31E-07,4.62E-08,6.61E-07,7.68E-07,1.07E-05,1.05E-07,5.60E-08,0.281049607,7.44E-05,4.00E-06,3.04E-07,1.29E-06,5.94E-07,1.32E-07,5.62E-07,1.33E-06,1.06E-07,1.29E-06,7.33E-06,7.62E-07,6.79E-07,2.66E-06,3.31E-06,0.011036756,1.99E-06,7.58E-07,1.27E-06,1.62E-06,0.127999108,0.02907056
Oral,1.91E-05,3.19E-05,0.001158598,1.61E-10,1.16E-05,2.28E-05,1.08E-05,8.23E-25,2.77E-06,7.08E-06,1.55E-18,1.33E-05,3.41E-14,3.40E-07,7.23E-08,1.71E-06,2.43E-08,0.001431412,3.76E-11,2.18E-12,0.055831919,0.00238158,1.05E-06,8.51E-06,5.84E-07,7.11E-05,0.080171121,2.23E-05,0.003426263,3.47E-05,1.27E-07,9.35E-05,3.44E-08
Oral,0.000960623,8.79E-05,1.90E-05,3.41E-07,0.000716319,1.80E-08,0.00128503,6.34E-17,1.65E-05,0.000277549,4.32E-53,5.46E-38,1.51E-07,3.31E-13,1.84E-05,1.71E-10,2.36E-08,0.002641673,7.89E-07,1.79E-11,0.40420427,0.105559793,1.17E-05,0.006164788,1.39E-09,7.63E-15,0.03225764,0.057205879,3.31E-16,0.000158561,2.19E-07,0.013972701,1.10E-19
Oral,0.003657784,0.000256494,7.71E-05,1.20E-05,5.85E-05,1.45E-05,8.05E-05,3.47E-16,7.21E-09,0.001388263,0.168876027,0.000367998,2.84E-13,8.99E-08,0.037947405,5.25E-06,1.40E-08,1.14E-05,0.001775835,3.66E-08,8.89E-11,0.080464839,5.77E-05,0.000492282,0.074474137,0.000314007,8.47E-08,0.364880998,0.000105991,0.001531701,8.48E-12,2.97E-10,1.79E-21
Oral,0.006955227,0.000880583,3.18E-05,0.000111148,8.28E-05,2.92E-13,5.47E-05,9.37E-21,9.66E-06,0.008100667,2.73E-65,8.95E-26,2.98E-13,2.95E-10,0.153230566,0.000241452,1.54E-09,0.001646531,5.27E-06,8.07E-14,1.15E-09,8.11E-05,1.63E-07,0.000266138,0.000478445,2.05E-13,3.32E-07,0.063343101,6.58E-05,0.000167992,4.60E-11,4.08E-11,2.61E-15
Oral,2.95E-05,4.81E-07,9.47E-07,2.81E-05,5.25E-07,5.30E-09,1.08E-06,5.23E-07,1.01E-05,5.71E-08,1.76E-72,9.57E-14,0.363407617,1.16E-07,0.008646628,1.41E-05,1.34E-08,1.23E-07,1.39E-10,4.19E-16,0.364407222,0.000927237,0.002095358,0.00653952,9.76E-06,0.000333556,5.10E-06,0.038463406,0.080805969,0.328981875,5.97E-09,2.93E-24,1.20E-24
Oral,2.52E-05,1.10E-05,3.21E-05,1.25E-05,3.52E-07,3.35E-06,1.82E-07,1.24E-16,3.35E-05,5.34E-07,6.72E-44,1.33E-08,6.59E-08,5.79E-06,0.011796545,0.000446775,9.25E-06,2.17E-07,2.48E-07,1.03E-17,0.000103297,5.25E-06,0.003110442,0.029489513,9.78E-10,7.72E-05,1.62E-09,7.63E-05,0.053677184,0.102137392,1.41E-05,3.74E-29,6.08E-25
Oral,7.93E-05,9.18E-06,5.61E-05,4.92E-05,5.00E-08,1.87E-11,1.44E-06,2.06E-10,7.96E-08,7.33E-08,5.12E-40,1.69E-10,8.70E-08,1.05E-05,0.051786321,0.006604438,7.39E-05,1.59E-05,1.02E-05,1.01E-19,0.000503651,2.58E-07,0.012178231,0.443367452,1.15E-10,8.01E-10,6.24E-09,0.001656216,0.306426107,0.261138021,0.000364458,7.95E-22,2.39E-14
Oral,2.18E-05,0.000173965,2.47E-05,0.000145459,1.37E-05,2.54E-06,2.51E-08,1.32E-14,1.61E-07,1.00E-06,3.39E-29,9.49E-09,0.069486898,0.000745974,0.000669921,0.057071169,0.004954541,0.000109872,8.95E-05,0,2.74E-06,2.87E-06,0.000351457,0.000203165,5.35E-10,9.48E-07,5.64E-07,1.10E-05,0.030187685,0.002512421,0.001705142,2.88E-20,4.76E-15
Oral,9.74E-05,0.000191921,0.000208574,3.18E-06,6.48E-06,4.51E-06,0.000272344,0.01983144,1.95E-07,3.49E-05,9.94E-19,0.001295541,7.37E-11,2.43E-05,0.000413442,0.00423224,5.16E-06,6.12E-05,2.75E-05,1.24E-20,2.69E-10,4.15E-08,0.000317755,3.61E-05,3.42E-07,4.14E-08,5.22E-07,2.64E-05,5.99E-06,3.45E-06,1.36E-05,2.39E-12,1.98E-11
Oral,0.000639179,9.02E-05,0.000107294,2.77E-06,0.000210969,0.001713482,3.06E-07,5.62E-07,1.89E-07,6.06E-05,1.55E-26,2.02E-09,8.62E-07,0.000567861,0.008769254,0.001284669,9.16E-06,2.65E-06,5.03E-06,9.80E-13,6.45E-08,1.07E-08,0.000266678,0.003829158,5.03E-09,4.26E-05,5.08E-08,0.000596955,0.000216807,0.02760871,0.000208536,1.00E-16,9.14E-10
Oral,3.29E-07,0.000231807,0.002818262,1.12E-08,3.70E-05,0.017555521,0.044508034,0.139838171,0.00014645,0.000951689,1.07E-31,5.63E-07,5.15E-18,1.29E-05,4.15E-05,2.39E-07,7.68E-15,1.02E-05,6.05E-06,5.81E-12,1.12E-14,7.94E-16,0.003398963,0.001863088,2.01E-07,0.0001424,1.95E-09,1.47E-10,3.94E-20,1.17E-10,0.006753908,1.22E-17,5.65E-57
Oral,5.31E-06,2.43E-05,0.000496117,3.98E-09,2.18E-06,0.000543038,0.001841449,0.062488368,0.030642468,5.63E-05,1.10E-35,8.38E-13,2.15E-23,9.18E-05,3.83E-07,1.75E-07,2.19E-09,2.04E-06,1.81E-06,1.88E-08,3.81E-06,1.46E-05,5.72E-05,0.000669045,1.76E-08,0.006268916,1.89E-09,0.002050768,3.95E-06,0.000265411,0.040016814,1.92E-18,4.66E-23
Oral,0.000732061,0.003496329,0.00056099,5.09E-07,1.18E-05,0.084532221,0.003609233,1.16E-25,0.039333296,0.032805583,3.77E-21,2.62E-10,5.93E-19,0.000231904,0.00079987,0.000349078,8.41E-11,0.000281484,5.65E-07,2.95E-10,1.08E-10,6.52E-07,0.000249336,7.33E-05,0.035267004,0.00010993,2.92E-08,0.000205365,1.72E-18,3.56E-09,1.18E-07,2.81E-11,1.65E-18
Oral,8.17E-05,0.004536133,0.004915623,1.63E-08,0.000225696,0.003758508,0.041550634,1.28E-25,0.001947377,0.014744544,7.47E-23,3.34E-11,1.79E-20,0.000371639,1.75E-05,1.59E-08,3.92E-11,2.60E-05,1.17E-09,9.63E-12,1.93E-07,2.35E-05,0.004234558,0.006456036,0.017067333,1.15E-06,1.75E-05,0.000157843,7.20E-09,5.32E-05,2.54E-05,5.50E-14,3.02E-23
Oral,0.002227804,0.000418501,3.98E-05,2.40E-05,0.001986928,1.11E-11,0.000214557,2.23E-16,1.22E-05,0.000384731,1.10E-40,5.80E-34,6.82E-13,2.89E-09,0.111360038,1.20E-07,1.23E-08,0.002603083,8.17E-06,4.19E-11,5.75E-07,0.009194366,1.87E-06,0.000213889,0.010313107,8.60E-09,8.14E-07,0.002281171,6.90E-06,1.98E-05,1.27E-13,2.71E-10,2.53E-18
Oral,1.89E-07,2.43E-05,8.69E-06,7.10E-07,0.0010999,0.003310393,5.90E-12,0.001139156,0.403249025,2.74E-05,5.40E-29,2.66E-42,1.99E-06,0.028690908,8.64E-09,1.02E-07,1.79E-05,0.000421775,8.43E-08,3.66E-07,0.015666378,1.60E-09,0.024919448,1.43E-05,4.83E-08,0.014727535,7.71E-06,1.70E-14,0.000166711,1.49E-15,4.09E-07,1.05E-19,5.25E-19
Oral,2.13E-05,3.45E-06,0.00034211,1.24E-08,1.77E-05,5.63E-06,3.58E-09,3.32E-05,0.00071153,0.000105064,2.54E-40,3.68E-29,2.50E-11,0.001033653,1.17E-09,1.31E-07,0.000128541,0.004537806,2.88E-08,1.48E-09,0.000275741,0.00019206,0.000131768,1.05E-06,0.059905646,0.006620977,0.037098429,2.31E-09,3.99E-07,6.51E-08,5.14E-05,2.31E-15,4.53E-20
Oral,0.000100534,2.23E-06,2.89E-05,4.95E-08,0.00026756,0.000107982,1.61E-05,9.00E-20,0.023605714,0.000127871,1.57E-75,2.71E-44,3.21E-18,1.27E-06,1.41E-10,6.69E-09,3.12E-06,0.000266707,1.45E-08,5.82E-17,0.000222219,4.64E-08,0.000705286,0.001774485,1.03E-05,1.16E-09,9.29E-08,1.29E-06,2.88E-07,0.000147903,1.36E-05,2.03E-28,1.11E-46
Oral,0.010468634,0.000394251,2.90E-05,2.47E-06,2.07E-05,0.000125224,6.87E-07,4.31E-09,0.079725085,1.89E-06,8.18E-35,3.95E-50,8.59E-07,4.74E-06,0.008765896,1.01E-08,1.94E-09,0.000258173,5.71E-11,1.64E-08,0.005465866,4.17E-08,0.012860473,0.147496197,1.01E-11,0.003197388,2.13E-06,0.039552767,0.000209213,0.002285581,3.35E-05,6.47E-20,1.40E-08
Oral,0.006394878,0.001582798,0.000463868,0.000273148,0.000237656,0.007410475,9.70E-05,1.21E-09,0.009985959,0.011382229,6.72E-22,3.95E-29,3.87E-14,5.87E-06,0.006436904,7.46E-07,9.28E-07,0.006077466,0.004197649,1.30E-06,2.59E-06,0.069964896,0.000371731,4.47E-05,0.006626728,1.17E-15,4.07E-08,0.054677302,0.000467819,5.11E-09,7.63E-08,4.81E-08,1.04E-07
Oral,0.000327689,0.004244804,0.000442569,3.78E-06,0.000185337,0.005664887,2.40E-05,7.33E-11,0.028180699,0.008895736,3.22E-11,1.06E-30,2.52E-17,1.24E-06,0.002953148,3.12E-05,0.000243187,0.012938889,2.64E-05,8.63E-08,6.47E-13,4.49E-10,0.023686043,0.002635807,1.03E-05,2.63E-17,4.03E-10,2.49E-09,1.45E-13,5.94E-17,0.001434756,3.22E-11,2.05E-06
Oral,0.000162328,0.000229478,0.000112657,1.68E-06,1.79E-05,7.88E-05,2.37E-06,3.31E-10,0.001583131,0.000560623,3.37E-26,6.61E-32,2.02E-11,0.002593421,2.55E-05,3.71E-05,0.028269015,0.001132562,0.000187742,3.35E-10,3.26E-05,4.09E-14,0.087714129,0.001680979,2.25E-07,4.03E-08,1.37E-11,3.19E-11,1.29E-06,3.44E-16,3.76E-07,8.25E-11,3.78E-34
Oral,3.00E-10,1.45E-06,1.48E-05,0.036399099,1.87E-05,8.63E-06,3.32E-12,4.77E-19,0.000297028,1.94E-06,1.36E-39,1.18E-49,1.41E-13,0.013650375,3.33E-10,8.70E-05,0.097139639,0.000667613,1.36E-07,4.21E-10,1.25E-05,4.75E-13,0.000151405,2.87E-07,3.62E-14,0.048610249,2.98E-12,2.87E-28,8.77E-05,1.79E-28,4.06E-05,3.17E-17,1.88E-35
Oral,2.59E-07,8.66E-07,1.43E-06,0.003681168,4.92E-05,0.000352092,6.47E-13,4.43E-58,0.001280677,9.31E-06,1.70E-65,8.10E-62,0.000326273,0.001947628,7.14E-11,6.07E-07,0.031834498,0.000216637,2.65E-06,7.47E-16,0.00770844,2.06E-14,0.03001391,5.77E-06,2.57E-13,2.81E-06,1.23E-08,4.08E-19,0.000222975,3.10E-22,2.24E-05,1.45E-21,2.55E-48
Oral,3.04E-10,2.07E-08,2.77E-07,0.637590682,0.001140532,1.32E-05,5.33E-09,1.19E-25,1.35E-06,8.42E-06,3.86E-15,3.53E-34,0.073525932,0.030799578,2.57E-13,2.21E-06,0.283181931,0.000742155,1.57E-05,5.09E-21,0.023644395,1.26E-10,0.000271391,3.38E-08,2.06E-26,7.25E-05,3.94E-08,1.17E-25,0.003696317,8.94E-25,0.000206547,1.99E-23,7.46E-52
Oral,4.46E-05,3.25E-06,2.44E-05,2.31E-06,0.000516417,4.97E-05,4.94E-06,3.26E-48,0.002180564,0.029135888,3.49E-46,8.41E-33,0.027624972,0.000529947,0.009879862,8.40E-09,0.026866132,0.021615588,0.000242533,1.05E-09,0.006469575,7.49E-08,0.009089757,5.29E-06,8.54E-11,0.01513734,0.417187727,1.07E-12,0.000660091,5.95E-16,2.60E-06,2.71E-12,5.67E-25
Oral,2.44E-05,0.00026595,0.001819595,0.034939332,0.000489114,7.61E-07,5.87E-06,1.30E-20,0.01488089,0.00011609,1.31E-05,6.75E-21,3.37E-18,0.000180278,0.001156571,0.009627872,0.006936054,0.000280374,0.000297556,6.71E-05,9.59E-07,1.05E-10,0.004524043,1.04E-05,2.48E-14,8.57E-17,2.18E-15,2.27E-14,3.51E-15,1.56E-17,0.00039433,7.75E-15,0.007377468
Oral,8.93E-06,0.001402344,0.00041469,2.30E-08,1.49E-06,0.015463247,7.45E-06,8.52E-62,2.01E-05,0.000127396,4.20E-06,1.86E-17,3.67E-23,0.000389014,1.44E-07,0.018162502,0.097520813,0.004066002,0.036644486,1.43E-08,8.41E-09,1.73E-08,0.000315287,1.39E-05,3.12E-11,0.000163972,0.005242246,1.81E-13,4.20E-10,1.39E-17,0.162674487,2.97E-05,7.48E-06
Oral,1.18E-05,0.000109701,0.000492406,2.44E-07,6.95E-05,9.70E-08,2.47E-05,1.86E-45,2.97E-05,0.005655296,3.67E-57,4.94E-27,0.175441092,2.34E-05,0.000110895,1.70E-08,0.016246921,0.026668686,0.000698746,3.78E-11,2.27E-06,6.48E-07,0.05645011,6.56E-05,1.50E-10,1.90E-05,5.87E-06,2.86E-10,6.44E-05,4.82E-12,0.000170525,2.25E-11,3.41E-30
Oral,0.000217276,0.00209092,0.000591039,1.77E-05,1.80E-05,6.83E-06,4.77E-05,1.44E-58,0.013648625,0.003209321,4.54E-13,6.66E-08,1.58E-11,4.07E-05,1.47E-07,5.35E-05,1.28E-05,0.00029137,6.56E-06,6.08E-07,4.09E-10,7.55E-11,0.055290369,0.000612805,5.68E-08,6.07E-08,1.35E-12,9.31E-09,2.62E-10,5.51E-10,0.269415031,8.83E-07,2.46E-12
Oral,0.000214489,0.000682968,0.000345115,2.19E-06,0.000133415,6.00E-05,1.15E-08,1.30E-67,4.60E-05,0.001035071,9.35E-39,2.90E-25,2.86E-12,0.007763839,4.03E-06,4.96E-06,0.015429907,0.003514719,0.000749467,2.43E-11,3.34E-06,4.93E-06,1.31E-06,4.41E-09,5.76E-07,4.60E-10,9.47E-05,1.46E-11,1.97E-06,6.97E-12,4.86E-06,2.16E-09,1.08E-23
Oral,0.000814114,0.01604622,0.000113808,1.18E-05,0.000132148,2.36E-05,2.52E-05,5.01E-16,5.72E-05,5.11E-05,0.007224355,9.05E-26,1.21E-27,1.53E-05,3.66E-06,0.003224962,2.35E-05,0.004342358,2.09E-05,8.11E-12,0.010058623,5.65E-09,0.017681699,1.10E-06,4.76E-11,2.09E-15,0.004474335,4.56E-07,7.64E-10,8.33E-11,0.023609932,0.000414621,3.75E-25
Oral,0.000203463,0.000299698,0.000315324,6.65E-08,3.98E-05,0.001072998,1.45E-09,9.70E-82,6.31E-05,0.003826821,8.41E-26,1.04E-30,5.25E-10,0.001898539,0.000205527,0.002887471,0.159073141,0.009349516,0.001800202,1.17E-13,3.93E-08,5.19E-05,0.001216382,3.49E-13,9.25E-09,4.46E-09,4.78E-06,1.07E-10,9.07E-07,6.15E-11,0.026815356,9.74E-06,5.50E-16
Oral,6.00E-06,0.025792506,0.457520515,0.000144863,0.00093809,0.012521015,2.77E-09,0.004012325,2.84E-05,3.30E-06,1.08E-13,0.321296428,1.99E-38,0.069684975,8.78E-10,4.40E-05,3.39E-06,6.35E-05,0.001437088,8.01E-06,5.60E-17,0.000110579,0.000602814,7.21E-06,1.23E-08,0.000167908,1.38E-15,3.69E-05,4.49E-06,9.63E-14,0.003413106,2.53E-16,2.21E-16
Oral,0.09982381,0.002235008,0.012040617,0.000190874,0.000407078,1.24E-06,0.000195018,5.14E-24,4.95E-05,0.019439517,2.48E-33,8.24E-28,5.26E-10,8.73E-07,0.016029704,0.000108746,1.40E-06,0.000345611,0.000594809,2.70E-11,1.09E-14,0.000749979,3.53E-06,2.03E-11,0.014258545,1.22E-14,1.02E-07,0.001165929,3.90E-14,6.02E-10,3.06E-08,2.59E-05,1.24E-11
Oral,0.000176048,0.064557926,0.000912291,0.001641595,0.229033667,0.030272585,0.001594223,9.19E-09,0.050022499,0.000684929,3.08E-31,3.58E-22,2.50E-12,1.30E-06,0.020538512,0.009944462,4.25E-06,0.000507678,5.01E-07,2.37E-05,5.53E-20,1.71E-12,9.46E-05,3.32E-10,1.56E-10,8.07E-08,2.01E-13,0.000212813,2.19E-09,1.09E-09,0.000149299,3.10E-08,4.16E-21
Oral,0.041024341,0.001512125,0.000740038,0.000467406,0.000385566,9.98E-11,0.000111984,3.81E-41,4.16E-15,0.010191747,1.22E-07,5.24E-35,6.51E-14,5.81E-09,0.015873711,1.08E-08,8.59E-07,0.042346354,0.582752682,4.98E-07,1.42E-18,0.07839866,1.79E-08,4.13E-10,0.379706037,9.82E-25,1.67E-06,0.030266727,3.12E-16,1.42E-07,1.11E-14,0.262531855,6.88E-11
Oral,0.03700703,0.114193796,0.007520795,0.000113788,0.000845083,5.07E-06,6.72E-05,1.40E-42,1.26E-05,0.024167382,0.082614918,4.35E-24,2.53E-14,1.99E-08,0.007866804,4.29E-10,6.47E-07,0.018881755,0.106814632,0.000485645,1.52E-17,0.018122432,3.19E-10,3.74E-13,0.076821153,4.01E-18,8.21E-08,0.005436767,1.62E-12,1.12E-09,9.79E-15,0.001525607,2.42E-13
Oral,0.016489635,0.003172999,0.004114181,0.000921544,0.000488996,0.008107293,0.000335188,3.55E-36,0.000512978,0.019757652,1.35E-30,2.74E-13,0.119862223,1.81E-08,0.026924864,0.060247012,1.79E-05,0.008473171,2.06E-05,7.09E-05,1.99E-15,2.38E-06,5.54E-05,0.000115112,1.83E-06,2.28E-15,5.10E-10,0.002407768,1.54E-13,4.58E-13,5.27E-12,9.45E-10,1.91E-09
Oral,3.35E-06,0.011684278,0.000624298,8.19E-07,7.04E-05,9.92E-07,4.58E-09,7.11E-35,2.20E-07,6.30E-07,1.81E-14,1.20E-14,2.81E-21,0.007459402,2.36E-08,0.03569413,0.055674564,0.002076221,2.82E-05,2.40E-12,2.76E-08,3.59E-06,3.85E-06,2.45E-06,0.000192629,1.64E-06,0.000120035,8.80E-09,6.84E-05,7.79E-12,0.06453622,0.292313857,0.128907443
Oral,0.000192648,0.000685943,9.06E-05,1.49E-05,3.61E-06,0.107689307,1.25E-13,2.51E-34,0.02352433,1.72E-10,0.003819758,0.008668214,9.44E-30,0.025074133,2.45E-07,0.000690979,0.008678881,1.74E-05,2.82E-05,1.19E-08,2.02E-12,3.11E-09,0.000134696,0.002010121,3.53E-06,0.027552329,3.54E-09,0.001620607,0.050261053,3.31E-08,0.006817035,7.77E-20,4.49E-11
Oral,0.000153286,0.002177187,0.002011939,1.24E-06,6.11E-05,1.76E-06,4.18E-08,1.92E-41,6.05E-10,0.000253222,2.31E-06,7.46E-05,3.74E-31,0.052375921,4.80E-08,2.71E-06,0.000364102,0.001137263,0.000996362,3.90E-10,2.31E-12,1.82E-11,6.99E-09,2.96E-17,1.72E-05,2.30E-11,2.98E-09,0.000159145,1.42E-07,1.00E-20,5.83E-06,7.59E-14,1.46E-28
Oral,1.40E-10,2.74E-09,0.006887542,0.074081717,0.000513266,0.009580344,3.24E-23,2.65E-86,4.48E-08,3.72E-11,2.53E-47,0.246627243,1.17E-56,0.17714356,9.20E-25,1.13E-07,0.058041066,0.00421726,1.45E-05,1.53E-11,4.39E-27,1.84E-18,0.00034306,1.30E-09,0.035838076,0.131573102,0.123875958,0.004450718,0.290405497,8.70E-24,5.01E-07,3.82E-27,5.69E-45
Oral,0.002177296,0.000434827,0.009952153,4.77E-05,0.000632064,0.004590941,1.00E-06,1.37E-41,7.67E-06,5.32E-05,5.09E-12,0.00327396,1.62E-33,0.027005203,2.00E-06,1.89E-08,0.00274584,0.077178714,0.004887141,1.71E-09,7.37E-23,4.62E-15,3.56E-05,2.29E-08,0.001426723,9.01E-05,0.00498145,0.166573448,0.001329673,4.93E-17,1.86E-10,2.60E-18,3.10E-37
Oral,0.002702921,0.01041759,0.000224807,0.00388719,0.009820305,0.000259507,6.80E-07,2.82E-60,2.44E-07,0.001403951,3.77E-28,2.33E-18,4.60E-12,0.004287997,0.007495721,3.74E-08,0.00044109,0.007818041,9.75E-06,0.000186047,3.95E-08,8.88E-07,5.24E-06,3.04E-08,2.61E-07,2.22E-12,6.93E-10,3.07E-05,1.07E-06,8.11E-15,2.07E-07,4.46E-10,7.55E-25
Oral,0.004932831,0.093890246,0.000153391,0.000226891,0.011276931,4.73E-09,0.000242867,8.96E-23,7.57E-07,0.00764343,0.00028125,4.26E-27,4.44E-25,7.38E-07,0.000146558,1.65E-07,5.77E-06,0.000133089,0.015660739,3.81E-06,1.74E-14,0.000138284,2.59E-07,1.61E-09,0.023306641,2.35E-32,2.61E-14,0.000116023,2.22E-16,5.65E-17,4.46E-06,3.19E-06,4.22E-17
Oral,0.000116073,0.066698401,0.002797122,0.002317198,0.130987059,1.37E-07,0.000839042,2.28E-14,1.34E-07,0.00345569,0.066403626,1.39E-37,1.41E-18,3.15E-07,0.000941028,1.44E-05,1.54E-06,0.000243652,0.009327069,0.000156606,3.04E-16,9.75E-09,0.000108341,2.61E-06,3.33E-10,7.14E-21,4.91E-17,0.000443675,2.56E-17,3.51E-13,5.66E-06,0.105993423,5.14E-24
Oral,2.05E-06,0.000168456,5.39E-06,1.58E-06,0.002528975,0.000303244,4.94E-08,1.67E-06,1.44E-06,0.00545346,1.21E-52,8.73E-51,0.006502653,0.000141996,5.87E-06,1.49E-05,0.019150098,0.056934437,0.000194837,2.02E-07,0.00134091,3.28E-06,0.103736534,2.11E-07,8.67E-11,2.42E-05,0.000565332,3.33E-11,0.000354957,1.19E-06,0.000174041,1.42E-08,3.05E-25
Oral,3.81E-05,0.001212798,0.000862563,0.001563604,0.007992173,7.38E-06,6.38E-07,1.16E-15,0.045028529,0.00019016,4.10E-42,0.012587046,4.51E-12,0.01282488,0.000480131,1.48E-07,6.55E-07,0.000366463,3.06E-05,0.000290729,2.53E-10,5.46E-11,1.42E-05,7.70E-06,7.09E-11,5.30E-08,2.61E-18,1.12E-07,4.27E-08,1.16E-15,0.009723716,0.000299594,2.84E-15
Oral,0.000314093,0.048904001,0.00012886,0.000809982,0.005544596,2.87E-07,1.22E-05,9.30E-29,1.09E-09,0.003372632,4.72E-14,4.27E-33,1.01E-14,3.59E-09,0.001150289,7.91E-08,2.82E-08,0.002513478,0.013701321,8.49E-07,0.004352255,0.003989896,1.53E-06,0.001711424,6.12E-06,5.03E-24,1.24E-05,0.017379234,3.74E-18,1.84E-06,8.38E-08,5.49E-06,1.32E-15
Oral,0.00016209,0.009933325,0.001127645,8.04E-06,0.00078638,0.000124232,7.90E-08,0.126942362,0.000696396,0.000164968,1.16E-22,1.58E-22,1.47E-14,2.40E-05,0.000304671,9.83E-10,1.85E-05,0.000287954,4.54E-08,1.45E-08,0.006899168,0.030001637,0.01800848,0.0171486,0.000628538,2.80E-09,9.73E-07,7.49E-06,1.96E-11,6.73E-05,1.93E-08,1.45E-07,0.013131065
Oral,0.012195208,0.015789421,0.002742713,0.000116915,0.001361218,5.97E-05,5.68E-05,7.32E-16,0.000110966,0.001757339,0.026027705,9.40E-08,6.20E-29,0.104356273,0.011290632,1.46E-07,0.000307595,0.001541955,3.72E-05,2.49E-12,1.90E-09,1.39E-06,3.21E-05,2.24E-05,0.029275826,1.85E-10,3.02E-07,0.048840577,0.042705173,6.34E-05,0.001145016,4.69E-17,2.91E-41
Oral,0.00542717,0.0008102,0.00017396,0.000314042,0.000801923,2.75E-05,0.006136415,0.00012025,0.010440205,0.125886881,1.59E-43,0.00914031,3.23E-13,0.001785217,0.000586786,5.09E-06,1.17E-05,0.000119715,1.97E-05,3.01E-07,3.04E-13,1.90E-06,0.003160053,0.001810207,0.00480204,5.15E-14,1.73E-07,9.18E-05,0.000866517,0.111538385,0.000186714,1.37E-15,1.25E-39
Oral,0.010105467,0.031387106,8.46E-06,0.001561057,0.004744382,1.33E-05,0.398261741,0.176315686,0.008218413,0.027803731,8.42E-13,3.93E-25,2.93E-17,1.96E-05,0.006266265,0.038153828,6.89E-07,8.32E-06,2.38E-11,0.000597613,1.07E-05,2.12E-14,0.001756691,0.014156268,2.53E-16,5.08E-16,2.19E-08,5.43E-10,3.49E-09,0.002148572,0.015905115,3.56E-11,2.05E-36
Oral,0.000255769,0.029608163,0.000690139,0.001246587,0.00045097,0.000263709,9.12E-05,2.83E-13,0.000295593,0.000765901,0.003070073,6.76E-19,8.58E-30,0.000178739,1.46E-06,0.044898904,0.000270507,4.53E-09,1.70E-13,0.868454537,2.79E-08,6.05E-16,1.69E-06,0.002705604,3.50E-19,0.177201588,1.30E-12,3.46E-05,5.10E-05,2.05E-06,0.013069417,0.032903077,7.87E-44
Oral,5.33E-05,0.00057154,0.000920463,7.88E-05,0.002027554,2.13E-09,0.0001273,3.87E-18,0.000431201,0.113599048,6.95E-31,3.19E-19,4.53E-21,5.17E-06,0.001904883,1.43E-05,2.19E-07,0.004010339,0.005224182,3.93E-05,6.42E-09,7.00E-07,0.026553388,7.65E-08,0.001436467,0.064762224,0.137469546,0.001950142,1.54E-09,3.73E-11,6.22E-12,2.19E-08,5.46E-27
Oral,0.026917783,0.005392004,0.000352611,0.000202647,0.004021082,1.75E-09,0.036900314,6.12E-28,0.000156687,0.150417814,1.90E-70,1.42E-36,1.97E-19,2.70E-10,0.0320987,0.023425107,2.01E-09,0.018643125,0.001202219,6.45E-08,1.51E-12,0.000216209,1.64E-05,7.41E-08,0.03264319,3.66E-20,3.37E-05,0.012072855,1.83E-12,4.16E-12,3.03E-15,3.46E-07,5.23E-10
Oral,0.004638936,0.003905443,0.002433286,0.000298411,0.005166059,0.005629888,0.007791017,3.11E-10,9.25E-05,0.010043306,2.31E-45,1.87E-14,7.39E-20,0.000260648,0.000981507,0.016146473,2.90E-06,0.00259127,4.13E-07,0.000282531,7.91E-10,1.09E-11,1.22E-05,0.00131863,7.24E-09,6.22E-06,4.10E-07,0.000281538,0.000712111,3.00E-08,4.36E-09,3.95E-15,2.10E-41
Oral,0.014274819,0.023643765,0.007715625,6.16E-05,0.366574815,0.000473753,0.033252033,0.000296,0.001937032,0.001197159,1.28E-48,6.24E-13,4.69E-28,0.018551145,1.78E-06,0.154159996,0.000128992,2.59E-06,5.06E-10,8.35E-07,4.59E-06,1.79E-14,0.001036234,0.01498473,4.23E-10,1.87E-11,3.33E-09,0.000246669,0.000638148,0.000230209,0.004612989,9.23E-17,6.29E-14
Oral,0.000452544,0.004100769,0.000597984,1.11E-05,0.069661159,9.34E-06,0.000455967,1.28E-18,1.78E-07,0.005385501,1.90E-38,2.91E-16,5.07E-23,1.36E-05,3.22E-05,9.24E-06,0.000335653,0.002514578,5.96E-05,3.18E-11,9.68E-16,9.19E-10,0.000303048,2.51E-09,1.06E-05,9.74E-15,1.01E-07,0.002482216,2.95E-06,6.31E-13,7.41E-08,5.35E-17,4.04E-32
Oral,1.41E-05,0.000557144,0.000500551,4.82E-07,0.000158023,4.80E-05,1.04E-07,3.21E-16,2.93E-06,0.000150219,4.60E-18,1.71E-07,1.10E-15,0.025963431,5.71E-12,0.041926864,0.013466333,0.001612943,0.000939841,2.31E-10,3.07E-10,3.37E-07,0.00349125,2.44E-05,0.000633681,3.11E-05,0.03309303,3.98E-08,9.10E-05,7.59E-18,0.006010474,2.08E-06,9.92E-21
Oral,4.68E-05,0.000608047,0.000818773,4.88E-07,3.68E-05,3.05E-08,0.000187528,1.88E-16,2.76E-05,0.012150747,1.07E-37,2.66E-21,3.48E-17,0.000325712,8.77E-06,0.000102997,0.002088511,0.028265969,0.004180807,9.38E-11,0.000165041,0.004471286,3.25E-05,4.08E-07,0.125573108,3.72E-09,0.000287477,1.61E-06,0.000159016,1.72E-14,8.86E-05,0.011367683,1.41E-13
Oral,1.20E-06,0.00117334,0.068518384,2.62E-06,0.001352049,0.010297868,2.50E-07,1.81E-10,6.63E-06,4.67E-05,3.19E-35,3.24E-09,7.25E-22,0.123734959,3.32E-09,0.000359033,0.026719552,0.018976298,0.000914704,3.56E-07,8.00E-05,5.46E-10,0.000151604,2.69E-11,7.20E-07,8.66E-06,8.56E-06,1.19E-06,0.116260489,6.26E-12,0.001164432,8.70E-16,9.84E-33
Oral,6.12E-06,0.021448119,0.000938506,2.19E-07,3.78E-05,6.60E-12,1.66E-05,0.000570245,4.82E-06,9.15E-05,0.020102558,1.59E-07,6.68E-27,0.00142616,4.07E-09,0.230545562,0.00758779,0.001785243,0.052242718,1.06E-10,9.19E-08,9.40E-08,2.77E-05,5.78E-07,8.26E-07,6.87E-21,1.56E-09,5.06E-13,2.05E-10,2.59E-13,0.101781276,0.053717969,0.652926481
Oral,4.09E-07,0.000370671,0.001535704,6.57E-08,1.83E-07,1.80E-09,0.000664684,3.77E-05,4.75E-06,0.000763391,3.07E-06,5.31E-28,3.11E-13,0.000742835,8.51E-09,0.034723135,0.002291237,8.33E-05,0.109991776,4.19E-09,4.53E-18,1.76E-07,7.40E-05,7.70E-10,1.03E-07,5.94E-22,2.07E-12,1.08E-11,4.78E-14,4.88E-19,0.00247704,8.27E-10,5.33E-06
Oral,9.58E-06,0.000548122,0.000396027,5.96E-06,0.000240245,6.44E-09,3.62E-06,4.39E-26,4.56E-05,0.01519528,3.68E-29,3.73E-16,0.078354733,8.57E-05,0.002700481,0.000236316,0.004415442,0.011195559,0.000332055,5.60E-09,2.09E-06,9.33E-06,0.001761558,2.36E-06,1.84E-08,2.45E-13,4.15E-07,3.37E-08,1.42E-07,1.57E-12,0.018338789,9.32E-07,2.55E-10
Oral,0.0004205,0.000636896,0.00015943,0.00051313,7.65E-05,5.70E-07,3.20E-05,1.45E-12,7.53E-05,0.000719459,1.22E-27,1.98E-08,1.55E-15,0.000247171,5.76E-06,0.000225875,0.000201971,9.99E-05,4.81E-05,0.001820916,6.52E-14,3.82E-16,8.66E-05,1.12E-08,6.18E-12,3.81E-09,5.75E-10,3.34E-08,3.61E-06,2.61E-06,0.000972398,4.19E-06,1.15E-30
Oral,4.80E-06,0.000931019,0.00148523,2.80E-06,1.95E-05,2.61E-08,6.37E-05,0.145503475,2.10E-07,0.002392554,4.92E-31,2.37E-07,6.79E-14,9.19E-05,6.14E-10,4.50E-05,0.001460565,0.001831036,0.000769446,9.42E-08,9.51E-19,5.62E-10,0.000600955,2.57E-08,1.70E-11,2.24E-16,1.24E-08,1.74E-06,2.22E-05,9.90E-19,1.67E-06,4.90E-16,7.52E-23
Oral,2.25E-05,0.001593471,0.000243019,0.00049306,0.000104421,1.24E-07,0.000187257,0.000376484,0.004838999,0.001157756,1.67E-35,0.013826301,5.88E-26,4.02E-05,9.53E-06,0.063226386,0.001541711,0.002393943,1.40E-08,0.018191942,4.51E-11,2.82E-13,2.23E-05,0.000185116,7.73E-12,0.012545854,2.51E-14,0.00060205,0.01074768,0.003673284,0.132637082,8.63E-05,8.03E-17
Plant,6.46E-06,0.002376157,0.001011731,6.96E-08,8.18E-05,2.96E-06,3.43E-07,8.55E-19,0.00219084,0.003382973,0.02446331,4.65E-16,5.43E-29,0.001125304,0.006897079,0.000772566,9.98E-06,5.66E-08,6.29E-07,2.35E-07,9.13E-08,8.38E-13,0.06900979,8.98E-06,2.65E-06,2.61E-06,6.73E-12,4.34E-07,4.15E-05,6.40E-05,7.36E-10,4.14E-20,0.003899264
Plant,2.55E-06,5.31E-05,0.001551327,0.000159765,0.000273084,0.001303646,9.97E-06,1.50E-20,0.057691948,0.004685056,8.13E-15,4.39E-14,1.29E-18,0.000179294,0.004967639,6.55E-10,6.22E-06,5.30E-07,7.00E-06,7.99E-06,0.006953796,1.24E-11,0.002093233,0.000443803,4.86E-07,0.08212318,3.37E-15,0.008376239,1.59E-08,1.18E-08,8.10E-09,1.01E-20,6.77E-13
Plant,3.10E-06,0.002582835,2.61E-07,0.001182587,0.002526269,0.01757191,1.32E-06,0.023946621,5.29E-05,0.001274981,1.24E-36,2.40E-32,1.80E-26,0.000906663,5.39E-05,1.07E-06,5.74E-08,5.94E-05,5.61E-06,0.000211376,0.003443501,9.63E-13,0.003037763,1.21E-08,9.66E-09,3.74E-07,2.11E-11,0.000128151,8.18E-10,8.76E-15,6.53E-06,2.21E-16,1.64E-44
Plant,0.050347121,0.025049294,0.003212434,0.000686715,0.002962004,2.11E-18,0.000125638,6.87E-36,1.02E-07,0.057574175,1.16E-74,5.33E-34,1.45E-15,4.96E-07,0.134230813,2.98E-05,8.41E-08,0.262302143,9.36E-05,7.59E-07,3.82E-09,0.063960404,2.71E-10,3.71E-16,0.002190529,4.50E-17,2.87E-09,0.003030057,3.61E-07,3.61E-11,7.48E-10,2.24E-09,0.096131857
Plant,3.63E-05,0.001174569,0.017943429,0.001464524,0.001588647,2.60E-05,0.000105257,1.77E-20,0.017997099,0.00092219,1.46E-42,1.70E-30,0.038481958,1.55E-06,2.43E-05,0.00082272,0.000511425,5.05E-06,1.63E-07,0.002025476,0.000197942,3.01E-14,0.0173351,1.37E-08,2.11E-12,3.56E-11,1.71E-13,6.68E-05,0.000370315,1.54E-14,9.99E-05,0.022517873,3.98E-42
Plant,0.139937988,0.002248811,0.000233726,0.000272828,0.005575831,9.08E-08,0.000210113,1.46E-34,2.56E-05,0.110749715,1.83E-67,1.96E-30,6.35E-15,5.03E-09,0.022966685,2.39E-09,3.26E-07,0.087109887,9.32E-05,0.00048517,6.92E-11,0.008171318,5.28E-10,2.26E-16,0.013866538,5.25E-23,1.92E-07,0.011638129,1.06E-10,1.02E-11,7.18E-10,1.56E-06,5.11E-11
Plant,0.000119914,0.050071372,0.018643055,6.65E-06,0.016969745,0.001362192,1.03E-07,7.72E-14,0.001066217,0.000374911,0.008553612,0.000538443,9.71E-16,0.003133491,1.49E-06,5.89E-05,2.19E-05,0.000111065,4.23E-11,1.63E-05,6.46E-07,0.017999113,0.00155509,0.031204104,1.31E-09,0.003025281,1.44E-10,0.00411758,3.16E-07,0.000355044,1.69E-06,2.75E-18,0.046583491
Plant,0.000560346,0.017374781,0.005921731,2.34E-05,0.006618771,0.062243065,1.49E-10,9.10E-06,0.000152294,0.001379786,3.99E-26,4.48E-14,4.38E-24,0.02325882,1.06E-07,0.011836487,1.74E-09,4.64E-05,5.75E-08,0.000428554,0.01074006,4.27E-07,0.000554534,3.25E-07,1.13E-06,5.26E-07,5.21E-08,2.32E-05,0.000338752,0.022927057,5.83E-05,3.39E-09,1.53E-10
Plant,3.56E-05,0.02558665,0.002801603,0.0001159,0.017024074,0.012962424,3.83E-09,0.005998771,0.014186955,0.000476175,0.000997249,8.42E-15,6.81E-34,0.044410869,1.61E-05,0.060768706,1.18E-10,4.28E-05,0.018737266,0.021563746,0.000163363,0.009985802,0.004451009,0.000639639,1.25E-05,1.89E-07,5.79E-12,0.001000398,0.004011057,0.093132474,0.001485012,0.015030516,0.009500023
Plant,0.020291469,0.025347774,0.000427296,0.007360152,0.00499664,2.26E-05,0.001055467,4.73E-21,1.13E-07,0.00408128,1.41E-53,3.77E-14,6.59E-19,4.69E-09,0.101773716,0.000160439,0.00200226,0.065239204,0.001653327,5.76E-08,1.10E-12,1.44E-06,6.11E-07,1.84E-07,0.001511977,1.67E-25,4.66E-12,0.000151118,3.31E-16,7.35E-16,2.24E-05,5.04E-06,6.84E-18
Plant,1.36E-06,0.000905136,0.043904651,0.000595775,0.011800087,0.088123857,0.009138642,1.64E-12,0.055825573,0.004692472,0.25876628,2.99E-11,0.037014652,0.052660688,0.02602651,0.035465505,3.45E-07,0.005786322,1.44E-06,2.91E-07,0.006101852,1.02E-12,0.011593004,4.74E-05,7.29E-07,0.012145787,1.56E-44,2.55E-09,4.17E-05,0.02721782,9.33E-07,7.82E-21,6.06E-31
Plant,0.00100857,0.001528122,0.000195298,0.000486694,0.01192046,9.45E-09,0.01497314,4.33E-09,0.000148937,2.60E-05,3.28E-68,1.21E-33,3.66E-19,4.63E-06,0.03239819,1.53E-05,0.004115949,0.000313396,8.48E-05,2.88E-07,0.012151071,4.37E-10,0.002813019,0.01570255,4.42E-08,3.60E-11,7.83E-17,2.86E-08,7.69E-14,2.05E-17,0.001396815,4.07E-15,9.48E-30
Plant,3.96E-07,8.40E-09,2.24E-08,5.43E-08,0.000271497,1.25E-10,1.34E-13,4.22E-22,2.75E-07,4.35E-09,2.96E-34,2.95E-64,1.18E-29,1.00E-09,1.63E-06,1.01E-07,7.01E-09,2.65E-09,8.40E-11,2.16E-14,9.63E-09,4.78E-33,1.26E-06,1.76E-06,2.26E-25,1.39E-19,1.82E-34,7.01E-14,2.39E-12,1.41E-16,7.64E-13,2.57E-46,1.12E-16
Plant,1.48E-05,5.92E-10,5.58E-10,7.40E-10,2.91E-08,2.95E-09,5.89E-14,1.98E-36,2.12E-06,1.51E-09,3.35E-45,2.01E-61,9.48E-45,2.14E-08,9.78E-09,6.06E-12,1.66E-08,9.69E-11,1.88E-15,8.91E-08,0.001224333,2.87E-32,2.20E-07,1.82E-09,1.74E-30,7.18E-14,7.99E-39,2.09E-16,2.37E-09,1.86E-18,8.43E-14,2.92E-57,5.02E-46
Plant,0.00592529,0.013142224,0.00278725,0.004277024,0.000385309,1.51E-06,0.000118673,0.273032913,0.0003602,0.000243406,8.73E-19,0.000163514,3.57E-23,2.09E-06,4.94E-06,0.000456665,0.000281272,0.002031856,1.60E-07,2.83E-05,1.59E-07,1.33E-09,0.000174362,0.000153765,2.40E-09,4.95E-10,1.52E-08,1.11E-07,1.51E-14,1.75E-13,0.004887713,5.15E-22,5.14E-33
Plant,0.002665965,0.000532141,0.00737499,0.000380328,0.002631179,8.09E-05,4.70E-07,0.0099834,0.012281568,0.000102164,0.034604329,0.023863641,1.74E-19,0.000666532,5.75E-06,4.11E-05,1.16E-06,0.000174342,9.76E-05,0.009997472,0.019062719,8.92E-15,0.123923879,0.001706168,2.24E-12,5.54E-10,1.28E-08,2.99E-07,1.43E-08,4.95E-19,0.000557081,4.89E-16,1.48E-38
Plant,0.002384516,0.025115573,0.000342737,0.000872845,0.001902975,0.005096895,0.001787149,1.09E-15,0.000399072,0.001084245,2.93E-10,1.22E-12,2.73E-24,2.76E-07,0.000264296,0.003560383,0.00292206,0.002502709,3.36E-06,0.003794333,0.009547609,4.82E-12,0.000113597,0.009390061,1.16E-09,5.40E-06,3.22E-07,5.46E-05,1.17E-08,1.00E-10,0.010358175,1.49E-16,1.66E-24
Plant,0.000669633,0.008147578,0.008196017,0.000955309,0.007159914,3.00E-05,2.61E-05,0.000130636,0.001991941,0.000133783,1.02E-11,7.56E-05,1.70E-26,1.04E-05,4.59E-07,0.008174683,2.03E-05,0.011262043,1.41E-05,1.97E-05,2.20E-05,6.97E-17,0.087955837,0.2302738,1.45E-10,1.44E-12,2.21E-14,6.02E-07,1.53E-08,2.00E-19,0.055043722,9.57E-12,4.02E-32
Plant,0.088648389,0.057898911,0.00342239,0.00022243,0.000187756,6.90E-05,0.000137842,1.82E-28,7.63E-06,0.007052315,3.98E-18,0.039158986,1.95E-09,2.49E-05,0.024267493,3.81E-06,4.15E-06,0.01806637,7.27E-05,0.00020364,3.41E-08,4.74E-05,1.03E-07,5.78E-08,0.000556187,2.67E-14,7.12E-06,0.000194619,1.97E-13,3.47E-11,4.52E-05,2.94E-09,3.98E-22
Plant,0.050726485,0.005674646,0.031002542,0.033609944,0.000736596,0.008728739,4.83E-05,5.14E-19,0.000678394,0.027683538,8.38E-64,0.004522138,8.72E-13,0.022042295,0.016657444,2.11E-08,6.27E-08,0.016805947,5.63E-05,7.15E-12,7.28E-08,3.10E-05,1.18E-08,2.50E-11,0.03557065,5.47E-10,1.18E-05,8.37E-06,4.88E-14,0.000674124,7.36E-08,0.054507248,0.012172096
Plant,0.098486385,0.037755898,0.001124269,0.001966218,0.007054052,0.014286667,0.000159076,0.000150689,0.015474541,0.019369151,0.012857587,0.002280767,3.40E-05,2.30E-07,0.027757168,1.44E-09,8.61E-07,0.002201623,1.47E-07,7.56E-13,2.67E-07,0.000429171,1.46E-07,1.95E-10,0.002479075,4.36E-09,1.52E-07,2.07E-05,7.88E-15,8.68E-12,1.58E-06,4.08E-09,1.12E-13
Plant,0.046844459,0.008917261,0.003464852,0.035910728,0.000468952,0.038856069,4.20E-05,2.73E-35,0.000126741,0.008001691,4.21E-68,1.52E-25,0.007964101,0.002021186,0.003056565,0.002849618,6.42E-07,0.004396809,3.05E-07,0.006398251,1.08E-08,8.75E-07,0.006786352,4.96E-09,0.000681306,2.15E-06,0.099426587,0.000498944,2.64E-14,1.66E-14,3.64E-11,6.87E-07,4.92E-16
Plant,0.14928696,0.022094318,0.00207158,0.003710262,0.010189012,7.46E-06,0.000103088,7.97E-22,0.007516168,0.029676829,8.49E-25,3.35E-42,1.44E-14,0.011263894,0.009774353,2.57E-05,0.000126179,0.010581023,1.02E-06,0.063976733,0.011923012,4.14E-05,1.79E-05,7.97E-12,8.11E-05,5.85E-08,5.34E-10,0.003214959,1.42E-13,0.003173847,5.47E-10,0.001794975,7.78E-14
Plant,0.007451673,0.010413848,0.000898676,0.005062834,0.000341622,0.00022102,7.07E-07,1.00E-41,5.27E-06,0.006784065,2.78E-73,0.002505653,2.86E-21,7.68E-06,0.000672917,0.000166236,6.50E-05,0.003250326,2.17E-06,0.000151791,0.003664271,1.86E-08,0.000305303,1.29E-05,1.13E-05,0.006568242,2.56E-08,0.045347982,9.01E-13,7.61E-12,1.58E-09,2.71E-10,3.58E-23
Gut,0,0,0,0,0,0,0,0,5.67E-13,0,0,0,0,0,0,0,0,0,0,0,6.41E-37,0,0,7.26E-23,0,0,0,0,0,0,0,0,0
Gut,0,0,0,0,0,0,0,0,1.37E-15,0,0,0,0,0,0,0,0,0,0,0,8.02E-36,0,0,4.28E-18,0,0,0,0,0,0,1.12E-24,0,0
Gut,0,0,0,0,0,0,0,0,0,0,0,0,0,0,0,0,0,0,0,0,0,0,0,0,0,0,0,0,0,0,0,0,0
Gut,0,0,0,0,0,0,0,0,0,0,0,0,0,0,0,0,0,0,0,0,0,0,0,1.39E-06,0,0,0,0,0,0,7.24E-34,0,0
Gut,0,1.17E-23,0,0,0,7.53E-28,0,1.48E-204,5.28E-19,0,1.83E-300,0,0,0,0,0,2.25E-28,0,0,0,7.60E-36,0,6.30E-36,3.86E-14,0,0,0,0,0,0,0,0,0
Gut,0,0,0,0,0,6.09E-36,0,0,2.60E-18,0,0,0,0,0,2.12E-45,3.22E-22,0,0,0,0,0,0,0,2.58E-24,0,0,0,0,0,0,0,0,0
Gut,0,0,0,0,0,0,0,0,0,0,0,0,0,0,0,3.70E-32,0,0,0,0,0,0,0,0,0,0,0,0,0,0,0,0,0
Gut,0,0,0,0,0,0,0,0,0,0,0,0,0,0,0,0,0,0,0,0,0,0,4.92E-37,0,0,0,0,0,0,0,0,0,0
Gut,1.90E-22,0,0,1.03E-20,0,0,0,0,0,0,0,0,0,0,3.59E-41,0,0,0,0,0,0,0,0,2.34E-45,0,0,1.02E-124,1.00E-77,0,1.06E-62,0,0,0
Gut,0,0,0,0,0,0,0,0,0,0,0,0,0,0,0,0,3.32E-31,0,0,0,0,0,6.30E-36,1.04E-37,0,0,0,0,0,0,0,0,0
Gut,0,0,0,0,0,0,0,0,6.25E-16,0,0,0,0,0,0,0,3.35E-28,0,0,0,3.09E-17,0,0,1.72E-32,0,0,0,0,0,0,0,0,0
Gut,0,0,0,0,0,0,0,0,0,0,0,0,0,0,0,0,0,0,0,0,0,0,9.08E-36,0,0,0,0,0,0,0,0,0,0
Gut,0,0,0,0,0,0,0,0,0,0,0,0,0,0,0,0,4.19E-28,0,0,0,5.09E-43,0,0,2.40E-37,0,0,0,0,0,0,0,0,0
Gut,0,0,0,0,0,0,0,0,0,0,0,0,0,0,0,0,0,0,0,0,0,0,0,0,0,0,0,0,0,0,0,0,0
Gut,0,0,0,0,0,0,0,0,0,0,0,0,0,0,0,0,0,0,0,0,7.51E-43,0,1.83E-36,6.10E-37,0,0,0,0,0,0,0,0,0
Gut,0,0,0,0,0,0,0,0,0,0,0,0,0,0,0,0,0,0,0,0,0,0,0,0,0,0,0,0,0,0,0,0,0
Gut,0,0,0,0,0,0,0,0,0,0,1.46E-162,0,0,0,0,4.32E-19,0,0,0,0,0,0,0,0,0,0,0,0,0,0,0,0,0
Gut,0,0,0,0,0,0,0,0,0,0,0,0,0,0,0,0,3.97E-31,0,0,0,1.92E-43,0,1.06E-36,1.05E-21,0,0,0,0,0,0,0,0,0
Gut,0,0,0,0,0,0,0,0,0,0,0,0,0,0,0,0,0,0,0,0,0,0,0,2.73E-23,0,0,0,0,0,0,0,0,0
Gut,0,0,0,0,0,0,0,0,0,0,0,0,0,0,0,0,0,0,0,0,1.04E-42,0,3.94E-36,0,0,0,0,0,0,0,1.50E-34,0,0
Gut,0,0,0,0,0,0,0,0,0,0,0,0,0,0,0,0,6.48E-31,0,0,0,0,0,1.97E-31,0,0,0,0,0,0,0,0,0,0
Gut,0,0,0,0,0,0,0,0,0,0,0,0,0,0,0,0,0,0,0,0,0,0,0,0,0,0,0,0,0,0,0,0,0
Gut,0,0,0,0,0,0,0,0,0,0,0,0,0,0,0,0,0,0,0,0,0,0,0,0,0,0,0,0,0,0,0,0,0
Gut,0,0,0,0,0,0,0,1.39E-87,1.27E-17,0,0,0,0,0,2.89E-35,0,0,0,0,0,0,0,7.11E-22,7.87E-16,0,0,0,0,0,0,0,0,0
Gut,0,3.32E-13,0,0,0,3.31E-19,0,0,0,0,0,0,0,0,0,0,0,0,0,0,0,0,0,0,0,0,0,0,0,0,0,0,0
Gut,0,1.14E-16,0,0,0,1.16E-19,0,0,0,0,0,0,0,0,0,0,0,0,0,0,2.77E-43,0,4.85E-27,6.94E-37,0,0,0,0,0,0,0,0,0
Gut,0,4.60E-15,0,0,0,1.22E-16,0,0,0,0,0,0,0,0,0,0,0,0,0,0,0,0,0,0,0,0,0,0,0,0,0,0,0
Gut,0,1.91E-18,0,0,0,1.27E-16,0,0,0,0,0,0,0,0,0,1.57E-12,0,0,0,0,0,0,0,0,0,0,0,0,0,0,0,0,0
Gut,0,0,0,0,0,2.95E-21,0,0,0,0,0,0,0,0,0,0,0,0,0,0,0,0,1.33E-35,0,0,0,0,0,0,0,0,0,0
Gut,0,2.42E-23,0,0,0,1.44E-21,0,0,0,0,0,0,0,0,0,0,9.39E-27,0,0,0,7.23E-27,0,5.90E-36,2.74E-33,0,0,0,0,0,0,0,0,0
Gut,0,0,0,0,0,0,0,0,0,0,0,0,0,0,0,3.37E-32,9.10E-31,0,0,0,9.96E-30,0,1.22E-27,2.92E-37,0,0,0,0,0,0,0,0,0
Gut,0,0,0,0,0,0,0,0,0,0,0,0,0,0,0,0,0,0,0,0,0,0,0,0,0,0,0,0,0,0,0,0,0
Gut,0,0,0,0,0,0,0,0,0,0,0,0,0,0,0,0,0,0,0,0,0,0,0,0,0,0,0,0,0,0,0,0,0
Gut,0,0,0,0,0,0,0,0,0,0,0,0,0,0,0,0,5.03E-31,0,0,0,6.92E-44,0,6.52E-36,0,0,0,0,0,0,0,0,0,0
Gut,0,0,0,0,0,0,0,0,0,0,1.24E-300,0,0,3.74E-35,0,0,1.16E-27,0,0,0,1.91E-30,0,0,0,0,0,0,0,0,0,0,0,0
Gut,0,1.23E-24,0,0,0,0,0,0,1.34E-17,0,0,0,0,0,0,0,0,0,0,0,0,0,2.10E-15,0,0,0,0,0,0,0,0,0,0
Gut,5.57E-15,1.76E-18,0,0,0,1.01E-17,0,0,1.06E-11,0,2.85E-168,0,0,0,2.16E-40,0,0,0,0,0,0,0,0,0,0,0,0,0,0,0,0,0,0
Gut,0,0,0,0,1.99E-10,1.65E-23,0,0,0,0,3.84E-148,0,0,0,0,0,0,0,0,1.43E-11,0,0,0,0,0,0,0,0,0,0,0,0,0
Gut,0,9.98E-24,0,0,3.63E-10,0,0,1.28E-87,0,0,0,0,0,0,0,0,0,0,0,0,0,0,1.79E-15,0,0,0,0,0,0,0,0,0,0
Gut,0,0,0,0,0,0,0,0,0,0,0,0,0,0,0,0,0,0,0,0,0,0,0,0,0,0,0,0,0,0,0,0,0
Gut,0,0,0,0,0,0,0,0,0,0,0,0,0,0,0,0,0,0,0,0,0,0,0,0,0,0,0,0,0,0,0,0,0
Gut,0,0,0,0,0,0,0,0,0,0,0,0,0,0,0,0,0,0,0,0,3.14E-30,0,1.11E-35,0,0,0,0,0,0,0,0,0,0
Gut,0,0,0,0,0,0,0,0,0,0,0,0,0,0,0,0,1.70E-28,0,0,0,0,0,0,0,0,0,0,0,0,0,0,0,0
Gut,0,4.58E-15,0,0,0,2.02E-17,0,0,0,0,0,0,0,0,0,0,0,0,0,0,0,0,0,0,0,0,0,0,0,0,0,0,0
Gut,0,3.05E-14,0,0,0,1.52E-12,0,0,0,0,0,0,0,0,0,0,0,0,0,0,0,0,0,0,0,0,0,0,0,0,0,0,0
Skin,0,9.05E-21,0,1.59E-15,6.18E-11,0,2.17E-29,0,0,0,0,1.19E-87,0,0,0,0,0,0,0,0,0,0,5.08E-37,0,0,0,0,0,0,0,0,0,0
Skin,0,1.52E-23,0,1.00E-17,0,0,2.25E-35,0,0,0,0,0,0,0,0,0,0,0,0,0,0,0,0,0,0,0,0,0,0,0,0,0,0
Skin,0,2.06E-17,0,4.77E-14,5.99E-11,1.83E-30,5.50E-28,0,0,0,0,0,0,2.67E-41,0,0,0,2.02E-22,0,0,0,0,0,0,0,0,1.42E-96,9.49E-74,0,0,0,0,0
Skin,0,0,0,0,0,0,0,0,0,0,0,0,0,0,0,0,0,0,0,0,0,0,0,0,0,0,0,0,0,0,0,0,0
Skin,0,1.81E-20,0,1.16E-18,2.34E-13,0,7.10E-30,0,0,0,0,0,0,0,0,0,0,0,0,0,0,0,0,0,0,0,0,0,0,0,0,0,0
Skin,0,0,0,5.32E-18,1.69E-13,0,0,0,0,0,0,0,0,0,0,0,0,0,0,0,0,0,0,0,0,0,0,0,0,0,0,0,0
Skin,3.19E-32,1.47E-15,0,6.73E-17,8.41E-12,2.12E-14,6.75E-26,0,2.63E-29,0,0,0,0,0,0,0,0,0,0,0,0,0,0,0,0,6.55E-96,0,0,0,0,0,0,0
Skin,0,0,0,0,0,0,0,0,0,0,0,0,0,0,0,0,0,0,0,0,0,0,0,0,0,0,0,0,0,0,0,0,0
Skin,0,2.58E-20,0,1.07E-14,3.90E-10,0,8.77E-36,0,0,0,0,0,0,0,0,3.78E-17,0,0,0,0,0,0,0,0,0,0,0,0,0,0,0,0,0
Skin,0,2.31E-13,0,3.12E-13,5.81E-10,0,2.16E-27,0,0,0,0,0,0,0,0,0,0,0,0,0,0,0,0,0,0,0,0,0,0,0,0,0,0
Skin,0,3.00E-12,0,1.50E-09,2.67E-08,2.24E-13,1.06E-21,0,1.13E-09,0,0,1.31E-70,0,0,0,0,0,0,0,0,0,0,4.32E-43,0,0,3.23E-86,0,0,0,0,0,0,0
Skin,0,7.64E-12,0,3.91E-11,4.84E-09,2.21E-34,7.37E-21,0,0,0,0,1.62E-87,0,1.14E-40,2.61E-32,0,0,1.64E-25,0,1.38E-21,0,0,1.50E-32,0,0,0,1.15E-72,0,0,0,0,0,0
Skin,0,3.23E-13,0,1.18E-10,6.32E-09,0,1.89E-24,0,0,0,0,0,0,0,0,0,0,0,0,0,0,0,0,0,0,0,0,0,0,0,0,0,0
Skin,0,4.04E-16,0,3.33E-12,8.99E-10,0,8.88E-17,0,0,0,0,0,0,0,0,0,0,0,5.09E-48,0,0,0,0,0,0,0,0,0,0,0,0,0,0
Skin,0,0,0,0,1.20E-13,0,1.40E-35,0,0,0,0,0,0,0,0,0,0,0,0,0,0,0,0,0,0,0,0,0,0,0,0,0,0
Skin,0,1.49E-11,0,6.73E-12,4.39E-08,2.83E-20,1.26E-21,0,0,0,0,0,0,0,0,1.40E-13,0,0,0,0,0,0,1.00E-31,0,0,0,0,0,0,0,0,0,0
Skin,3.35E-39,9.70E-14,6.77E-18,6.04E-12,2.68E-09,7.64E-44,2.14E-23,0,9.56E-33,0,0,0,0,0,0,1.78E-33,0,0,0,0,9.93E-75,0,1.23E-40,0,0,0,1.99E-143,0,0,0,6.02E-53,0,0
Skin,8.17E-25,0.001871513,0,0.001661924,0.001294224,9.56E-40,1.93E-11,5.29E-251,1.58E-28,0,0,5.93E-160,5.05E-154,5.13E-35,1.18E-37,1.07E-27,0,0,0,0,6.51E-75,1.54E-77,8.32E-33,2.14E-37,6.81E-88,4.06E-86,1.99E-129,5.13E-51,1.83E-33,7.48E-45,2.38E-52,1.17E-231,3.14E-250
Skin,0,3.82E-21,0,0,3.61E-12,0,0,0,0,0,0,0,0,0,0,0,0,0,0,0,0,0,0,0,0,0,0,0,0,0,0,0,0
Skin,0,6.36E-21,0,1.71E-15,1.84E-10,0,7.90E-32,0,0,0,0,6.80E-68,0,0,0,0,0,0,0,0,0,0,0,0,0,0,9.77E-73,0,0,0,0,0,0
Skin,0,3.38E-13,5.36E-11,3.77E-12,3.23E-09,0,1.04E-26,0,0,0,0,5.98E-68,0,0,0,1.97E-20,2.86E-12,1.06E-15,0,0,0,0,9.13E-37,0,0,0,8.48E-56,0,0,0,0,0,0
Skin,0,3.76E-16,0,1.46E-15,1.50E-08,0,1.83E-31,0,0,0,0,0,0,0,0,0,0,0,0,0,0,0,0,0,0,0,0,0,0,0,0,0,0
Skin,0,6.47E-24,0,4.21E-19,1.84E-14,0,2.18E-32,0,0,0,0,0,0,0,0,0,0,0,0,0,0,0,0,0,0,0,0,8.80E-25,0,0,0,0,0
Skin,5.16E-18,1.66E-17,0,2.40E-12,2.09E-09,0,5.07E-25,0,4.48E-16,0,8.12E-225,0,0,0,0,3.77E-22,0,0,0,0,0,0,0,0,0,0,0,0,0,0,0,0,0
Skin,2.14E-11,5.31E-11,3.27E-17,4.41E-10,1.37E-07,7.62E-26,2.50E-19,1.01E-238,5.50E-32,0,3.39E-222,1.09E-170,0,0,1.92E-54,0,0,0,0,0,3.76E-28,0,6.55E-28,6.58E-33,1.07E-50,1.79E-96,0,7.13E-37,0,0,0,0,0
Skin,0,1.52E-12,0,1.72E-09,4.01E-09,0,3.27E-21,0,0,0,0,0,0,0,0,0,0,0,0,0,0,0,0,0,0,0,0,0,0,0,0,0,0
Skin,5.53E-28,3.91E-21,0,8.10E-12,4.75E-10,0,2.97E-28,0,5.37E-28,0,0,2.12E-171,9.82E-154,0,2.08E-52,0,0,0,0,7.62E-20,0,0,0,0,0,8.08E-82,0,0,3.01E-42,0,1.12E-47,0,0
Skin,0,4.80E-12,0,2.70E-12,2.49E-08,2.74E-29,3.81E-23,0,1.77E-19,0,0,0,0,0,0,0,0,0,0,0,0,0,1.09E-32,1.97E-34,0,0,0,0,0,0,2.56E-52,0,0
Skin,5.90E-31,6.87E-12,2.18E-09,9.38E-12,9.04E-08,1.20E-43,7.41E-23,1.36E-206,0,0,0,1.74E-179,3.34E-154,0,1.63E-50,7.75E-31,0,0,0,0,6.08E-75,1.63E-95,1.10E-39,0,5.65E-89,1.30E-103,2.66E-143,3.44E-61,8.59E-39,2.33E-50,1.16E-51,1.00E-237,3.06E-292
Skin,0,3.18E-12,0,6.18E-11,2.54E-08,1.41E-22,2.34E-24,0,0,0,0,0,0,1.26E-22,0,0,0,0,0,0,0,0,0,0,0,0,0,0,0,0,0,0,0
Skin,3.75E-12,9.61E-18,0,3.69E-13,3.34E-11,0,5.10E-27,0,0,0,0,0,0,0,0,0,0,0,0,0,0,0,0,0,0,0,3.72E-73,0,0,0,0,0,0
Skin,0,2.40E-16,2.16E-06,8.94E-13,2.79E-07,0,2.27E-24,0,6.62E-14,0,0,0,0,0,0,0,0,0,0,0,7.57E-35,0,0,0,0,0,0,0,0,0,0,0,0
Skin,1.33E-30,3.00E-07,0,2.98E-07,3.10E-05,6.10E-44,9.24E-16,8.75E-206,5.86E-33,0,0,1.38E-159,0,4.54E-43,7.97E-51,3.39E-28,0,0,2.25E-61,0,2.92E-66,3.04E-106,1.96E-40,7.87E-33,2.85E-82,1.51E-85,3.24E-120,1.09E-61,6.56E-44,0,0,1.12E-257,0
Skin,0,1.40E-09,0,4.36E-08,3.31E-06,0,2.19E-17,0,8.59E-16,0,0,0,0,7.58E-41,0,0,0,0,0,4.41E-14,5.75E-68,0,4.76E-40,0,0,0,0,3.56E-59,0,0,4.56E-58,0,0
Skin,0,4.99E-17,0,7.16E-11,7.36E-09,0,1.01E-23,0,2.02E-21,0,0,0,0,0,7.19E-38,0,0,0,0,4.62E-22,0,0,0,0,0,0,0,0,0,0,0,0,0
Skin,1.21E-30,6.86E-15,0,2.85E-14,3.52E-11,0.003063605,2.22E-28,1.03E-250,0.011538636,0,0,0,0,0,0.000211617,2.77E-30,0,0,4.81E-67,7.51E-09,0,3.63E-107,5.07E-40,0,7.57E-98,1.72E-105,0,0,0,0,4.29E-52,0,0
Skin,2.56E-33,1.48E-13,0,6.61E-07,7.20E-08,8.92E-20,8.00E-19,0,0,0,0,4.43E-148,4.36E-132,2.54E-43,3.70E-36,4.91E-15,0,0,1.24E-67,0,5.34E-75,1.92E-106,0,0,4.13E-98,3.51E-85,2.26E-143,2.51E-61,6.13E-44,1.15E-54,0,6.34E-277,5.05E-292
Skin,7.67E-32,1.36E-06,0,1.39E-05,2.08E-06,2.43E-13,4.80E-15,0,2.32E-30,0,0,1.88E-179,1.84E-142,5.27E-40,2.19E-51,9.29E-34,0,0,1.60E-67,0,7.63E-75,1.01E-106,0,5.43E-42,0,6.64E-104,0,2.21E-61,1.04E-16,7.43E-50,0,3.25E-257,0
Skin,0,1.18E-13,0,1.11E-09,2.16E-09,1.32E-22,4.60E-28,0,9.92E-13,0,0,7.08E-89,0,0,0,0,0,0,0,0,3.28E-43,0,0,0,0,0,7.45E-73,0,0,0,0,0,0
Skin,2.09E-11,8.43E-20,0,7.54E-18,2.41E-13,6.19E-24,1.86E-31,0,0,0,0,1.73E-87,0,2.27E-23,0,0,0,0,0,0,0,0,5.74E-38,0,0,0,0,2.17E-38,0,0,0,0,0
Skin,0,2.79E-14,0,4.45E-10,4.42E-07,0,1.63E-21,0,0,0,0,0,0,0,0,0,0,0,0,0,0,0,0,0,0,0,0,0,0,0,0,0,0
Skin,0,2.64E-13,0,6.58E-11,5.37E-08,0,6.25E-28,0,0,0,0,0,0,0,0,0,0,0,0,0,0,0,0,0,0,0,0,0,0,0,0,0,0
Skin,0,7.30E-06,1.21E-17,6.54E-06,1.83E-05,0,1.29E-14,0,5.32E-32,0,0,0,0,0,2.89E-54,0,0,0,0,0,0,0,8.09E-29,0,9.12E-83,0,0,0,0,0,0,0,0
Skin,3.89E-27,1.96E-14,0,1.52E-11,7.28E-09,0,7.36E-25,0,0,0,7.90E-259,0,0,0,0,0,0,0,0,0,0,0,0,0,0,0,0,0,0,0,0,0,0
Skin,0,2.44E-16,0,2.62E-14,2.24E-10,0,2.35E-29,0,0,0,0,0,0,0,0,0,0,0,0,0,0,0,0,0,0,0,0,0,0,0,0,0,0
Soil,4.09E-11,7.19E-16,0,0,3.42E-13,3.85E-09,0,0,4.76E-13,0,0,2.15E-60,8.89E-42,3.38E-29,5.29E-32,6.93E-27,1.95E-11,2.64E-07,6.01E-15,2.30E-07,0,0,0,0,5.18E-75,8.79E-125,0,1.15E-45,2.25E-11,1.58E-51,0,1.25E-80,0
Soil,1.20E-40,2.62E-26,0,0,0,7.09E-18,0,0,0.000762226,4.49E-20,3.94E-198,9.19E-108,2.37E-84,7.68E-12,8.70E-33,0,0,6.01E-44,5.52E-29,1.30E-17,9.38E-76,5.85E-92,1.25E-10,0,6.72E-85,3.43E-81,4.18E-154,0,0,5.16E-59,0,0,3.03E-262
Soil,8.57E-29,9.40E-17,1.62E-12,1.79E-09,1.11E-07,6.28E-22,4.36E-31,2.79E-173,2.37E-14,7.34E-27,1.07E-233,1.05E-81,1.12E-114,1.37E-10,1.81E-53,6.65E-13,0,8.36E-28,2.71E-27,5.38E-18,5.50E-54,5.52E-71,7.44E-10,0,7.28E-85,3.80E-72,4.60E-105,3.51E-48,0,1.51E-59,0,2.70E-102,1.23E-176
Soil,4.02E-18,5.15E-15,0,1.63E-13,6.83E-20,5.28E-31,0,1.68E-47,2.97E-14,0,2.39E-168,3.55E-67,1.54E-36,1.78E-30,6.56E-17,4.37E-23,0,6.23E-07,0,6.17E-17,6.31E-36,1.24E-79,5.05E-21,1.26E-19,0,1.15E-84,1.33E-130,3.57E-37,1.72E-10,7.77E-39,1.65E-16,8.94E-50,0
Soil,1.24E-14,6.64E-15,0,2.74E-06,5.92E-12,5.25E-18,0,0,1.26E-13,1.46E-22,0,5.02E-25,1.85E-53,4.75E-15,1.81E-51,1.49E-19,6.14E-07,1.76E-07,0,0,0,5.81E-100,1.66E-46,0,0,3.16E-31,7.41E-135,0,4.50E-48,3.16E-53,7.02E-08,1.19E-49,7.74E-133
Soil,1.84E-17,3.82E-10,5.55E-12,3.06E-11,2.26E-09,3.27E-14,4.32E-30,4.23E-214,1.69E-16,1.80E-17,0,4.44E-19,9.94E-34,5.76E-10,3.25E-26,2.33E-14,0,1.52E-05,2.18E-52,4.72E-07,8.92E-26,0,7.54E-11,1.73E-18,2.17E-110,3.47E-29,3.67E-49,1.32E-42,6.14E-63,8.22E-81,0,2.05E-132,5.63E-141
Soil,2.88E-08,1.73E-08,8.96E-10,1.33E-15,1.16E-16,2.24E-14,0,3.96E-63,2.28E-08,0,0,8.45E-81,1.33E-87,5.15E-16,3.11E-32,0,3.57E-30,0,3.76E-49,3.23E-06,0,0,5.10E-12,0,2.51E-59,2.05E-46,5.87E-56,7.34E-30,0,0,2.90E-29,0,0
Soil,4.71E-21,0,0,0,0,6.40E-22,0,0,8.85E-09,0,0,2.52E-55,0,1.46E-10,0,0,0,4.40E-25,0,0,5.04E-18,0,5.97E-19,5.11E-32,1.45E-58,7.08E-40,4.76E-60,2.52E-37,0,0,0,5.47E-139,0
Soil,1.06E-28,4.18E-31,3.81E-21,5.30E-18,6.27E-21,3.29E-18,2.92E-26,1.27E-127,3.25E-25,4.27E-12,4.42E-206,7.02E-62,1.03E-149,6.19E-14,5.85E-37,6.98E-17,0,4.07E-11,8.55E-40,1.71E-19,1.53E-27,4.22E-64,2.70E-18,2.24E-24,5.33E-75,0,6.33E-72,5.05E-32,4.41E-23,9.01E-50,0,3.93E-178,7.75E-218
Soil,0,2.74E-17,8.09E-05,0,0,0,0,0,0,1.30E-23,0,0.002330601,1.21E-87,1.67E-13,0,0,8.14E-30,1.60E-22,0,6.35E-16,2.32E-32,0,1.33E-19,0,0,0,3.87E-96,0,5.01E-38,7.23E-39,4.92E-19,0,0
Soil,6.76E-27,3.60E-14,0.00120099,0,0,0,0,4.91E-180,0,1.06E-19,2.84E-295,6.37E-22,1.45E-149,7.94E-08,1.57E-29,2.85E-38,0,6.75E-22,1.36E-38,5.11E-13,0,0,3.09E-19,0,1.12E-68,1.07E-136,1.38E-109,8.75E-36,4.55E-36,0,0,0,0
Soil,1.56E-23,1.70E-32,1.80E-14,2.41E-15,4.31E-06,4.55E-14,0,5.56E-173,3.42E-15,2.39E-14,3.84E-62,1.53E-69,1.74E-107,1.09E-11,2.72E-47,8.54E-24,0,1.84E-44,9.96E-47,0,4.65E-58,1.38E-92,6.95E-15,9.41E-16,7.61E-85,1.39E-51,0,1.36E-34,0,0,8.54E-29,3.84E-117,1.42E-200
Soil,4.26E-27,4.86E-20,1.78E-14,1.84E-09,1.17E-07,0,8.86E-31,2.10E-102,1.17E-12,2.13E-12,9.91E-18,1.54E-58,2.55E-99,1.42E-12,2.60E-30,7.51E-27,0,0,3.45E-40,1.46E-16,0,0,3.43E-13,0,6.85E-44,2.28E-37,1.94E-57,6.12E-25,7.48E-30,1.63E-42,0,0,4.20E-159
Soil,3.77E-32,4.01E-28,6.42E-20,1.40E-11,3.86E-14,7.53E-18,8.86E-32,6.05E-101,0,7.34E-17,2.81E-174,1.68E-116,7.34E-80,2.75E-10,2.13E-38,7.37E-18,1.33E-28,5.53E-10,7.18E-35,0,4.36E-30,7.07E-59,4.64E-13,1.59E-35,3.11E-68,6.57E-37,2.31E-156,1.21E-43,3.16E-26,8.22E-52,0,4.74E-130,2.36E-211
Soil,2.29E-13,1.25E-11,5.27E-06,3.20E-15,2.67E-06,8.88E-21,1.05E-13,1.21E-171,1.34E-18,1.61E-11,0,0.00511593,1.91E-41,0.007307296,3.38E-22,2.44E-13,1.01E-29,2.90E-11,2.12E-32,0,3.27E-33,1.69E-66,1.67E-25,8.90E-29,1.37E-43,4.63E-39,1.17E-66,4.59E-45,2.42E-16,1.40E-49,2.69E-23,1.18E-76,1.51E-70
Soil,1.03E-21,2.57E-14,5.32E-10,1.36E-10,4.95E-08,8.34E-22,1.00E-30,0,2.29E-11,1.30E-09,0,6.91E-57,2.87E-68,7.40E-09,0,6.13E-12,1.52E-11,1.83E-11,4.35E-59,1.29E-12,3.76E-52,0,2.05E-17,1.99E-16,0,9.72E-82,0,5.68E-57,0,4.46E-37,1.45E-16,0,4.45E-120
Soil,3.24E-29,4.96E-17,0,5.05E-19,2.04E-07,3.22E-12,0,0,3.42E-11,5.87E-18,2.62E-187,1.79E-40,1.43E-72,6.32E-20,0,0,0,8.75E-14,0,0,7.23E-90,0,0,2.86E-35,3.28E-84,2.80E-29,0,2.64E-44,1.15E-06,8.23E-23,2.50E-42,0,3.20E-202
Soil,4.79E-22,4.71E-14,1.93E-11,0,1.08E-12,0,2.13E-12,2.01E-158,1.14E-11,8.76E-14,6.36E-83,2.64E-68,3.63E-78,4.36E-14,5.48E-29,8.71E-20,0,4.32E-15,0,1.10E-12,1.57E-33,1.94E-78,1.03E-16,2.65E-26,0,1.41E-85,4.08E-49,9.30E-33,2.06E-30,3.09E-43,7.45E-30,0,4.30E-208
Soil,0,6.60E-15,0,0,1.93E-15,0,0,5.88E-193,8.44E-13,3.72E-20,0,2.94E-57,7.34E-64,6.56E-22,2.20E-20,0,0,1.37E-10,0,0,4.76E-26,0,1.36E-23,2.62E-23,0,2.07E-94,0,0,0,0,0,0,2.60E-215
Soil,3.12E-13,1.18E-14,0,2.72E-16,2.90E-16,1.23E-10,0,1.22E-152,3.60E-12,0,0,2.42E-38,3.47E-39,3.97E-20,4.18E-14,2.94E-23,1.55E-36,1.80E-08,9.42E-22,0,4.21E-52,3.10E-100,2.21E-11,9.00E-18,0,5.95E-36,4.63E-96,5.79E-56,1.92E-16,1.23E-54,1.22E-59,2.36E-50,0
Soil,8.08E-29,1.12E-17,3.18E-11,1.39E-09,4.25E-06,3.14E-10,0,8.93E-09,3.53E-28,0,2.42E-20,1.90E-66,3.51E-84,3.29E-08,1.61E-27,6.25E-08,0,1.90E-20,2.92E-60,0,1.56E-107,0,7.21E-30,2.34E-25,0,2.13E-55,2.08E-32,0,0,3.68E-59,1.35E-16,3.06E-80,7.51E-180
Soil,1.43E-11,1.28E-22,4.87E-19,0,0,1.23E-14,0,0.005622691,1.41E-20,0,0,2.06E-38,1.36E-67,3.22E-20,4.60E-32,9.91E-25,0,0,0,0,0,0,0,0,0,2.38E-73,0,2.18E-30,2.88E-37,0,0,4.73E-54,0
Soil,6.03E-15,1.88E-11,9.14E-08,0,4.65E-13,2.60E-17,0,0,4.79E-21,6.19E-14,0,3.23E-05,2.13E-42,0.005073767,3.41E-20,7.61E-13,9.22E-12,0.004515446,0,0,2.86E-36,0,2.56E-30,3.34E-23,0,9.04E-55,0,2.65E-38,9.20E-12,1.62E-39,4.07E-45,9.75E-61,6.11E-107
Soil,8.56E-24,1.09E-15,0,6.03E-10,5.94E-10,9.22E-10,0,0,6.69E-21,7.54E-26,2.30E-151,1.68E-29,6.98E-53,1.07E-32,0,6.05E-13,7.83E-25,3.20E-20,9.69E-37,0,0,1.17E-103,2.77E-10,4.04E-26,5.11E-86,9.36E-54,3.00E-70,9.36E-37,1.75E-42,0,0,0,9.34E-215
Soil,8.22E-15,3.64E-16,1.52E-08,6.22E-14,0,2.64E-24,9.06E-22,0,2.06E-09,0,0,2.32E-47,7.77E-57,5.65E-18,0,0,0,3.33E-07,0,0,1.79E-52,0,1.92E-19,3.53E-25,0,4.66E-109,0,3.02E-38,0,0,0,0,9.61E-197
Soil,2.03E-15,1.49E-27,0,0,5.20E-17,5.46E-14,0,0,1.98E-11,4.72E-11,0,5.84E-49,0,4.70E-36,1.25E-46,0,0,1.75E-11,2.79E-21,0,4.65E-18,1.78E-60,2.38E-14,1.85E-31,1.79E-52,3.81E-104,9.08E-33,2.77E-37,0,0,0,3.28E-133,0
Soil,0,0,0,0,0,2.52E-05,0,1.81E-79,2.22E-17,2.13E-12,0,3.04E-88,1.23E-107,5.56E-07,0,1.48E-22,0,0,0,0,4.96E-44,0,1.50E-33,1.59E-33,1.06E-36,0,0,0,0,0,0,0,0
Soil,2.44E-26,8.54E-20,2.04E-12,0,1.42E-13,2.42E-25,0,0,5.65E-17,0,0,0,4.75E-138,2.39E-14,7.82E-27,1.74E-13,0,7.70E-32,2.45E-59,0,8.28E-14,7.38E-89,0,1.87E-41,1.92E-98,1.92E-109,2.87E-119,0,0,0,0,0,4.25E-194
Soil,8.84E-28,8.33E-10,2.76E-09,0,0.000140657,3.70E-24,1.03E-30,0,2.45E-23,0,7.00E-135,2.05E-88,3.20E-99,8.05E-18,5.33E-33,8.79E-28,2.08E-29,1.91E-26,1.68E-39,0,0,1.31E-60,6.57E-37,4.52E-19,1.38E-55,0,7.59E-70,8.47E-62,2.48E-39,3.04E-53,0,1.82E-84,2.96E-134
Soil,1.77E-25,2.51E-11,5.98E-11,6.86E-11,1.78E-07,2.48E-25,5.50E-35,2.36E-74,6.95E-15,5.34E-15,0.000264981,2.48E-38,1.99E-58,1.39E-09,0,2.57E-13,0,2.85E-28,7.51E-54,1.12E-13,7.93E-36,1.14E-87,9.39E-12,1.04E-20,0,1.28E-86,5.33E-66,6.94E-51,0,1.10E-36,2.66E-30,3.36E-66,3.97E-204
Soil,5.42E-14,3.92E-22,1.21E-10,7.99E-10,1.92E-05,0,0,5.44E-283,3.05E-08,2.22E-14,8.52E-155,4.06E-125,7.72E-96,2.81E-14,3.30E-41,2.16E-19,0,8.43E-29,0,8.49E-12,4.98E-49,1.08E-52,6.13E-23,0.000161304,0,6.21E-88,1.75E-109,4.42E-47,6.03E-39,4.23E-40,1.34E-33,0,3.13E-193
Soil,4.09E-21,3.10E-15,0,0,4.62E-20,3.41E-09,1.59E-31,3.89E-180,1.55E-16,8.56E-15,5.16E-230,4.31E-75,1.21E-149,1.93E-05,4.02E-26,1.61E-16,6.63E-28,1.24E-28,0,4.40E-16,0,0,3.70E-20,1.83E-21,8.54E-37,2.43E-57,4.84E-106,3.22E-36,0,0,1.80E-27,2.28E-158,0
Soil,9.86E-21,1.61E-17,9.80E-20,1.96E-13,9.01E-11,0,0,2.84E-108,1.82E-05,0,2.23E-85,7.32E-187,3.43E-88,6.75E-15,0,0,2.66E-25,2.32E-27,4.77E-28,4.31E-15,2.75E-50,0,0,0,6.05E-75,6.25E-63,4.08E-74,1.18E-60,1.73E-35,1.11E-44,4.25E-23,1.79E-121,0
Soil,4.98E-29,3.23E-19,0,5.27E-19,6.18E-08,1.35E-07,0,2.29E-47,1.40E-14,1.02E-23,0,1.08E-66,2.21E-76,9.93E-19,9.97E-21,0,9.30E-28,7.97E-45,0,0,0,1.78E-91,1.22E-11,5.24E-23,7.01E-85,2.49E-72,1.46E-57,1.35E-54,0,0,0,3.28E-159,0
Soil,8.79E-19,3.24E-12,0,0,0,1.69E-07,0,2.32E-136,0,8.79E-17,8.27E-72,4.37E-95,0,0,0,0,0,0,0,0,0,0,0,7.41E-23,1.59E-47,7.63E-47,5.88E-59,0,0,0,0,0,0
Soil,5.92E-17,3.68E-15,0,0,1.12E-11,9.97E-07,0,1.83E-200,3.26E-20,0,0,2.56E-88,0,1.12E-20,6.98E-33,0,0,0,0,0,2.56E-24,0,5.28E-19,1.58E-34,1.52E-49,0,0,0,0,2.18E-52,0,0,0
Soil,9.42E-16,6.55E-18,1.99E-14,1.02E-11,2.54E-05,1.62E-17,0,1.82E-226,2.30E-08,6.40E-20,0,5.85E-64,4.94E-138,6.14E-16,0,0.005575373,0,7.04E-32,4.29E-32,0,1.84E-33,2.06E-101,1.80E-30,1.81E-23,0,3.76E-71,0,0,0,0,0,1.47E-191,4.46E-179
Soil,2.72E-24,1.81E-17,4.41E-11,0,4.46E-07,4.62E-24,6.31E-31,3.03E-42,6.19E-12,0,0,1.07E-76,4.28E-62,1.46E-09,0,2.38E-11,2.65E-08,1.78E-09,0,1.06E-18,5.25E-36,0,7.37E-21,4.29E-25,1.04E-98,7.79E-79,2.51E-119,0,0,3.16E-45,3.91E-12,7.07E-108,9.92E-100
Soil,2.63E-12,9.82E-35,0,0,0,5.63E-20,0,1.19E-174,9.84E-12,5.02E-19,0,5.28E-68,0,1.60E-11,7.73E-43,7.99E-17,1.15E-29,2.58E-07,1.28E-46,2.65E-16,2.73E-37,0,6.56E-09,0,0,5.64E-103,6.62E-43,1.43E-35,0,2.63E-51,4.69E-27,6.45E-159,1.07E-217
Soil,2.53E-07,5.85E-14,1.16E-12,7.12E-16,5.49E-20,6.31E-16,0,5.92E-197,3.67E-25,4.83E-27,1.67E-127,2.07E-134,6.57E-72,2.27E-17,1.34E-30,8.08E-16,5.62E-25,2.32E-11,3.29E-59,0,3.74E-25,0,1.48E-12,8.67E-30,1.60E-85,1.92E-56,3.42E-139,1.16E-47,0,1.07E-65,4.61E-29,1.23E-132,6.22E-172
Soil,1.12E-20,6.93E-12,1.84E-16,0,3.57E-06,3.95E-24,0,8.99E-48,3.76E-15,0,2.06E-55,3.71E-109,0,1.53E-33,2.11E-25,7.95E-18,0,0,0,0,1.35E-35,0,3.57E-10,4.58E-18,0,7.73E-76,1.88E-72,3.52E-14,0,1.25E-35,9.00E-30,4.36E-135,0
Soil,1.21E-21,1.46E-06,0,0,3.89E-09,9.61E-08,0,8.41E-08,4.10E-24,2.52E-08,0,3.04E-48,8.35E-69,1.45E-26,4.35E-29,4.31E-16,0,3.04E-28,0,0,2.68E-31,0,2.44E-22,2.19E-20,2.15E-15,0,2.17E-73,2.66E-21,8.85E-42,0,2.07E-23,4.49E-83,0
Soil,1.24E-16,2.20E-13,2.78E-08,0,1.19E-10,0,0,5.16E-145,2.11E-15,4.23E-13,7.34E-98,2.81E-11,3.32E-65,5.57E-06,5.15E-23,3.29E-16,1.20E-11,8.02E-12,0,3.08E-07,0,0,6.48E-24,1.07E-25,0,4.11E-40,0,2.33E-45,4.13E-16,0,1.01E-16,0,1.84E-117
Soil,4.81E-11,6.82E-08,4.73E-12,4.98E-19,1.59E-12,7.10E-11,1.64E-27,8.24E-108,1.01E-11,4.23E-15,1.32E-158,3.35E-13,8.75E-119,4.59E-12,7.72E-17,3.47E-11,0,7.10E-16,2.87E-22,2.82E-15,0.002089168,1.89E-67,2.78E-13,1.68E-11,1.95E-43,2.99E-85,4.64E-28,1.92E-41,0,2.02E-42,0,0,4.95E-177
Soil,9.22E-12,3.59E-21,3.73E-16,6.42E-10,1.81E-08,9.44E-14,3.87E-25,8.15E-93,1.19E-12,0,8.88E-34,1.23E-22,5.26E-72,2.45E-29,5.56E-12,2.57E-17,0,6.31E-18,1.67E-26,5.24E-17,1.48E-30,0,4.07E-18,1.13E-13,0,3.32E-56,3.39E-111,1.32E-38,0,0,0,0,0
unknown,0.019827706,0.015554667,0.228125327,0.094323416,0.017812235,0.413717958,0.390640596,0.003606726,0.001221624,0.021397691,6.72E-174,0.302165786,0.001964916,0.080385168,0.01927854,0.009876238,0.015946769,0.07772757,0.019790179,0,0.005234517,0.494230459,0.154281566,0,0.012282409,0.386244221,0.012493349,0,0,0.007678614,0.008818591,0.00284008,0.000285233
